model_type,id,precision,recall,accuracy,f1,fbeta_2_,fbeta_3_,fbeta_4_,cohen_kappa,matthew_coef,tp_1,tp_0,fp_1,fp_0,tn_1,tn_0,fn_1,fn_0
sim_100_90,DUM-1-1,0.9,1.0,0.9,0.9473684210526315,0.9782608695652174,0.989010989010989,0.9935064935064936,0.0,0.0,45,0,5,0,0,45,0,5
sim_100_90,DUM-1-2,0.9183673469387755,1.0,0.9183673469387755,0.9574468085106383,0.982532751091703,0.9911894273127754,0.9947984395318595,0.0,0.0,45,0,4,0,0,45,0,4
