model_type,id,precision,recall,accuracy,f1,fbeta_2_,fbeta_3_,fbeta_4_,cohen_kappa,matthew_coef,tp_1,tp_0,fp_1,fp_0,tn_1,tn_0,fn_1,fn_0
sim_400_70,DUM-1-1,0.7,1.0,0.7,0.8235294117647058,0.9210526315789473,0.958904109589041,0.9754098360655737,0.0,0.0,140,0,60,0,0,140,0,60
sim_400_70,DUM-1-2,0.7,1.0,0.7,0.8235294117647058,0.9210526315789473,0.958904109589041,0.9754098360655737,0.0,0.0,140,0,60,0,0,140,0,60
