model_type,id,precision,recall,accuracy,f1,fbeta_2_,fbeta_3_,fbeta_4_,cohen_kappa,matthew_coef,tp_1,tp_0,fp_1,fp_0,tn_1,tn_0,fn_1,fn_0
sim_1600_95,DUM-1-1,0.95,1.0,0.95,0.9743589743589743,0.9895833333333334,0.9947643979057592,0.9969135802469136,0.0,0.0,760,0,40,0,0,760,0,40
sim_1600_95,DUM-1-2,0.95,1.0,0.95,0.9743589743589743,0.9895833333333334,0.9947643979057592,0.9969135802469136,0.0,0.0,760,0,40,0,0,760,0,40
