model_type,id,precision,recall,accuracy,f1,fbeta_2_,fbeta_3_,fbeta_4_,cohen_kappa,matthew_coef,tp_1,tp_0,fp_1,fp_0,tn_1,tn_0,fn_1,fn_0
sim_50_65,DUM-1-1,0.64,1.0,0.64,0.7804878048780488,0.898876404494382,0.9467455621301775,0.9679715302491103,0.0,0.0,16,0,9,0,0,16,0,9
sim_50_65,DUM-1-2,0.68,1.0,0.68,0.8095238095238095,0.9139784946236559,0.9550561797752809,0.9730639730639731,0.0,0.0,17,0,8,0,0,17,0,8
