model_type,id,precision,recall,accuracy,f1,fbeta_2_,fbeta_3_,fbeta_4_,cohen_kappa,matthew_coef,tp_1,tp_0,fp_1,fp_0,tn_1,tn_0,fn_1,fn_0
sim_200_75,DUM-1-1,0.75,1.0,0.75,0.8571428571428571,0.9375,0.967741935483871,0.9807692307692307,0.0,0.0,75,0,25,0,0,75,0,25
sim_200_75,DUM-1-2,0.75,1.0,0.75,0.8571428571428571,0.9375,0.967741935483871,0.9807692307692307,0.0,0.0,75,0,25,0,0,75,0,25
