model_type,id,precision,recall,accuracy,f1,fbeta_2_,fbeta_3_,fbeta_4_,cohen_kappa,matthew_coef,tp_1,tp_0,fp_1,fp_0,tn_1,tn_0,fn_1,fn_0
sim_200_90,DUM-1-1,0.9,1.0,0.9,0.9473684210526315,0.9782608695652174,0.989010989010989,0.9935064935064936,0.0,0.0,90,0,10,0,0,90,0,10
sim_200_90,DUM-1-2,0.9090909090909091,1.0,0.9090909090909091,0.9523809523809523,0.9803921568627451,0.9900990099009901,0.9941520467836257,0.0,0.0,90,0,9,0,0,90,0,9
