model_type,id,precision,recall,accuracy,f1,fbeta_2_,fbeta_3_,fbeta_4_,cohen_kappa,matthew_coef,tp_1,tp_0,fp_1,fp_0,tn_1,tn_0,fn_1,fn_0
sim_50_60,DUM-1-1,0.6,1.0,0.6,0.75,0.8823529411764706,0.9375,0.9622641509433962,0.0,0.0,15,0,10,0,0,15,0,10
sim_50_60,DUM-1-2,0.6,1.0,0.6,0.75,0.8823529411764706,0.9375,0.9622641509433962,0.0,0.0,15,0,10,0,0,15,0,10
