model_type,id,precision,recall,accuracy,f1,fbeta_2_,fbeta_3_,fbeta_4_,cohen_kappa,matthew_coef,tp_1,tp_0,fp_1,fp_0,tn_1,tn_0,fn_1,fn_0
sim_50_50,DUM-1-1,0.48,1.0,0.48,0.6486486486486487,0.821917808219178,0.9022556390977443,0.9400921658986175,0.0,0.0,12,0,13,0,0,12,0,13
sim_50_50,DUM-1-2,0.0,0.0,0.48,0.0,0.0,0.0,0.0,0.0,0.0,0,12,0,13,12,0,13,0
