model_type,id,precision,recall,accuracy,f1,fbeta_2_,fbeta_3_,fbeta_4_,cohen_kappa,matthew_coef,tp_1,tp_0,fp_1,fp_0,tn_1,tn_0,fn_1,fn_0
sim_50_95,DUM-1-1,0.96,1.0,0.96,0.9795918367346939,0.9917355371900827,0.995850622406639,0.9975550122249389,0.0,0.0,24,0,1,0,0,24,0,1
sim_50_95,DUM-1-2,0.96,1.0,0.96,0.9795918367346939,0.9917355371900827,0.995850622406639,0.9975550122249389,0.0,0.0,24,0,1,0,0,24,0,1
