model_type,id,precision,recall,accuracy,f1,fbeta_2_,fbeta_3_,fbeta_4_,cohen_kappa,matthew_coef,tp_1,tp_0,fp_1,fp_0,tn_1,tn_0,fn_1,fn_0
sim_50_85,DUM-1-1,0.84,1.0,0.84,0.9130434782608695,0.963302752293578,0.9813084112149533,0.9889196675900277,0.0,0.0,21,0,4,0,0,21,0,4
sim_50_85,DUM-1-2,0.88,1.0,0.88,0.9361702127659575,0.9734513274336283,0.9865470852017937,0.9920424403183024,0.0,0.0,22,0,3,0,0,22,0,3
