model_type,id,precision,recall,accuracy,f1,fbeta_2_,fbeta_3_,fbeta_4_,cohen_kappa,matthew_coef,tp_1,tp_0,fp_1,fp_0,tn_1,tn_0,fn_1,fn_0
sim_1600_85,DUM-1-1,0.85,1.0,0.85,0.918918918918919,0.9659090909090909,0.9826589595375722,0.9897260273972602,0.0,0.0,680,0,120,0,0,680,0,120
sim_1600_85,DUM-1-2,0.85125,1.0,0.85125,0.9196488858879136,0.9662315550510783,0.9828258045894068,0.9898255813953488,0.0,0.0,681,0,119,0,0,681,0,119
