model_type,id,precision,recall,accuracy,f1,fbeta_2_,fbeta_3_,fbeta_4_,cohen_kappa,matthew_coef,tp_1,tp_0,fp_1,fp_0,tn_1,tn_0,fn_1,fn_0
sim_100_65,DUM-1-1,0.64,1.0,0.64,0.7804878048780488,0.898876404494382,0.9467455621301775,0.9679715302491103,0.0,0.0,32,0,18,0,0,32,0,18
sim_100_65,DUM-1-2,0.66,1.0,0.66,0.7951807228915663,0.9065934065934066,0.9510086455331412,0.9705882352941176,0.0,0.0,33,0,17,0,0,33,0,17
