model_type,id,precision,recall,accuracy,f1,fbeta_2_,fbeta_3_,fbeta_4_,cohen_kappa,matthew_coef,tp_1,tp_0,fp_1,fp_0,tn_1,tn_0,fn_1,fn_0
sim_200_55,DUM-1-1,0.55,1.0,0.55,0.7096774193548387,0.859375,0.9243697478991597,0.9540816326530612,0.0,0.0,55,0,45,0,0,55,0,45
sim_200_55,DUM-1-2,0.56,1.0,0.56,0.717948717948718,0.8641975308641975,0.9271523178807947,0.9558232931726908,0.0,0.0,56,0,44,0,0,56,0,44
