model_type,id,precision,recall,accuracy,f1,fbeta_2_,fbeta_3_,fbeta_4_,cohen_kappa,matthew_coef,tp_1,tp_0,fp_1,fp_0,tn_1,tn_0,fn_1,fn_0
sim_100_80,DUM-1-1,0.8,1.0,0.8,0.8888888888888888,0.9523809523809523,0.975609756097561,0.9855072463768116,0.0,0.0,40,0,10,0,0,40,0,10
sim_100_80,DUM-1-2,0.8163265306122449,1.0,0.8163265306122449,0.898876404494382,0.9569377990430622,0.9779951100244498,0.9869375907111756,0.0,0.0,40,0,9,0,0,40,0,9
