model_type,id,precision,recall,accuracy,f1,fbeta_2_,fbeta_3_,fbeta_4_,cohen_kappa,matthew_coef,tp_1,tp_0,fp_1,fp_0,tn_1,tn_0,fn_1,fn_0
sim_400_90,DUM-1-1,0.9,1.0,0.9,0.9473684210526315,0.9782608695652174,0.989010989010989,0.9935064935064936,0.0,0.0,180,0,20,0,0,180,0,20
sim_400_90,DUM-1-2,0.9045226130653267,1.0,0.9045226130653267,0.9498680738786279,0.9793253536452666,0.9895547003848268,0.9938291653134135,0.0,0.0,180,0,19,0,0,180,0,19
