model_type,id,precision,recall,accuracy,f1,fbeta_2_,fbeta_3_,fbeta_4_,cohen_kappa,matthew_coef,tp_1,tp_0,fp_1,fp_0,tn_1,tn_0,fn_1,fn_0
sim_50_90,DUM-1-1,0.92,1.0,0.92,0.9583333333333334,0.9829059829059829,0.9913793103448276,0.9949109414758269,0.0,0.0,23,0,2,0,0,23,0,2
sim_50_90,DUM-1-2,0.9166666666666666,1.0,0.9166666666666666,0.9565217391304348,0.9821428571428571,0.990990990990991,0.9946808510638298,0.0,0.0,22,0,2,0,0,22,0,2
