model_type,id,precision,recall,accuracy,f1,fbeta_2_,fbeta_3_,fbeta_4_,cohen_kappa,matthew_coef,tp_1,tp_0,fp_1,fp_0,tn_1,tn_0,fn_1,fn_0
sim_800_55,DUM-1-1,0.55,1.0,0.55,0.7096774193548387,0.859375,0.9243697478991597,0.9540816326530612,0.0,0.0,220,0,180,0,0,220,0,180
sim_800_55,DUM-1-2,0.5525,1.0,0.5525,0.711755233494364,0.8605919003115264,0.9250732524068648,0.9545223577235772,0.0,0.0,221,0,179,0,0,221,0,179
