model_type,id,precision,recall,accuracy,f1,fbeta_2_,fbeta_3_,fbeta_4_,cohen_kappa,matthew_coef,tp_1,tp_0,fp_1,fp_0,tn_1,tn_0,fn_1,fn_0
sim_1600_55,DUM-1-1,0.55,1.0,0.55,0.7096774193548387,0.859375,0.9243697478991597,0.9540816326530612,0.0,0.0,440,0,360,0,0,440,0,360
sim_1600_55,DUM-1-2,0.55125,1.0,0.55125,0.7107171635777598,0.859984399375975,0.9247221639756762,0.9543024439918534,0.0,0.0,441,0,359,0,0,441,0,359
