model_type,id,precision,recall,accuracy,f1,fbeta_2_,fbeta_3_,fbeta_4_,cohen_kappa,matthew_coef,tp_1,tp_0,fp_1,fp_0,tn_1,tn_0,fn_1,fn_0
sim_100_95,DUM-1-1,0.94,1.0,0.94,0.9690721649484536,0.9873949579831933,0.9936575052854123,0.9962593516209476,0.0,0.0,47,0,3,0,0,47,0,3
sim_100_95,DUM-1-2,0.96,1.0,0.96,0.9795918367346939,0.9917355371900827,0.995850622406639,0.9975550122249389,0.0,0.0,48,0,2,0,0,48,0,2
