model_type,id,precision,recall,accuracy,f1,fbeta_2_,fbeta_3_,fbeta_4_,cohen_kappa,matthew_coef,tp_1,tp_0,fp_1,fp_0,tn_1,tn_0,fn_1,fn_0
sim_400_55,DUM-1-1,0.55,1.0,0.55,0.7096774193548387,0.859375,0.9243697478991597,0.9540816326530612,0.0,0.0,110,0,90,0,0,110,0,90
sim_400_55,DUM-1-2,0.555,1.0,0.555,0.7138263665594855,0.8618012422360248,0.9257714762301918,0.9549595141700404,0.0,0.0,111,0,89,0,0,111,0,89
