model_type,id,precision,recall,accuracy,f1,fbeta_2_,fbeta_3_,fbeta_4_,cohen_kappa,matthew_coef,tp_1,tp_0,fp_1,fp_0,tn_1,tn_0,fn_1,fn_0
sim_800_80,DUM-1-1,0.8,1.0,0.8,0.8888888888888888,0.9523809523809523,0.975609756097561,0.9855072463768116,0.0,0.0,320,0,80,0,0,320,0,80
sim_800_80,DUM-1-2,0.8020050125313283,1.0,0.8020050125313283,0.8901251738525731,0.9529481834425253,0.9759072888075633,0.9856858126472187,0.0,0.0,320,0,79,0,0,320,0,79
