model_type,id,precision,recall,accuracy,f1,fbeta_2_,fbeta_3_,fbeta_4_,cohen_kappa,matthew_coef,tp_1,tp_0,fp_1,fp_0,tn_1,tn_0,fn_1,fn_0
sim_200_85,DUM-1-1,0.85,1.0,0.85,0.918918918918919,0.9659090909090909,0.9826589595375722,0.9897260273972602,0.0,0.0,85,0,15,0,0,85,0,15
sim_200_85,DUM-1-2,0.86,1.0,0.86,0.9247311827956989,0.9684684684684685,0.9839816933638444,0.9905149051490515,0.0,0.0,86,0,14,0,0,86,0,14
