model_type,id,precision,recall,accuracy,f1,fbeta_2_,fbeta_3_,fbeta_4_,cohen_kappa,matthew_coef,tp_1,tp_0,fp_1,fp_0,tn_1,tn_0,fn_1,fn_0
sim_400_80,DUM-1-1,0.8,1.0,0.8,0.8888888888888888,0.9523809523809523,0.975609756097561,0.9855072463768116,0.0,0.0,160,0,40,0,0,160,0,40
sim_400_80,DUM-1-2,0.8040201005025126,1.0,0.8040201005025126,0.8913649025069638,0.9535160905840286,0.9762050030506406,0.9858644436389996,0.0,0.0,160,0,39,0,0,160,0,39
