model_type,id,precision,recall,accuracy,f1,fbeta_2_,fbeta_3_,fbeta_4_,cohen_kappa,matthew_coef,tp_1,tp_0,fp_1,fp_0,tn_1,tn_0,fn_1,fn_0
sim_50_70,DUM-1-1,0.68,1.0,0.68,0.8095238095238095,0.9139784946236559,0.9550561797752809,0.9730639730639731,0.0,0.0,17,0,8,0,0,17,0,8
sim_50_70,DUM-1-2,0.72,1.0,0.72,0.8372093023255814,0.9278350515463918,0.9625668449197861,0.9776357827476039,0.0,0.0,18,0,7,0,0,18,0,7
