model_type,id,precision,recall,accuracy,f1,fbeta_2_,fbeta_3_,fbeta_4_,cohen_kappa,matthew_coef,tp_1,tp_0,fp_1,fp_0,tn_1,tn_0,fn_1,fn_0
sim_800_85,DUM-1-1,0.85,1.0,0.85,0.918918918918919,0.9659090909090909,0.9826589595375722,0.9897260273972602,0.0,0.0,340,0,60,0,0,340,0,60
sim_800_85,DUM-1-2,0.8525,1.0,0.8525,0.9203778677462888,0.9665532879818595,0.9829922167771692,0.9899248633879781,0.0,0.0,341,0,59,0,0,341,0,59
