model_type,id,precision,recall,accuracy,f1,fbeta_2_,fbeta_3_,fbeta_4_,cohen_kappa,matthew_coef,tp_1,tp_0,fp_1,fp_0,tn_1,tn_0,fn_1,fn_0
sim_100_85,DUM-1-1,0.86,1.0,0.86,0.9247311827956989,0.9684684684684685,0.9839816933638444,0.9905149051490515,0.0,0.0,43,0,7,0,0,43,0,7
sim_100_85,DUM-1-2,0.86,1.0,0.86,0.9247311827956989,0.9684684684684685,0.9839816933638444,0.9905149051490515,0.0,0.0,43,0,7,0,0,43,0,7
