model_type,id,precision,recall,accuracy,f1,fbeta_2_,fbeta_3_,fbeta_4_,cohen_kappa,matthew_coef,tp_1,tp_0,fp_1,fp_0,tn_1,tn_0,fn_1,fn_0
sim_1600_90,DUM-1-1,0.9,1.0,0.9,0.9473684210526315,0.9782608695652174,0.989010989010989,0.9935064935064936,0.0,0.0,720,0,80,0,0,720,0,80
sim_1600_90,DUM-1-2,0.9011264080100125,1.0,0.9011264080100125,0.9479921000658328,0.9785267735797771,0.9891468608325319,0.9935871418134589,0.0,0.0,720,0,79,0,0,720,0,79
