model_type,id,precision,recall,accuracy,f1,fbeta_2_,fbeta_3_,fbeta_4_,cohen_kappa,matthew_coef,tp_1,tp_0,fp_1,fp_0,tn_1,tn_0,fn_1,fn_0
sim_1600_80,DUM-1-1,0.8,1.0,0.8,0.8888888888888888,0.9523809523809523,0.975609756097561,0.9855072463768116,0.0,0.0,640,0,160,0,0,640,0,160
sim_1600_80,DUM-1-2,0.8010012515644556,1.0,0.8010012515644556,0.8895066018068103,0.9526644834772253,0.9757584997713066,0.9855965214240421,0.0,0.0,640,0,159,0,0,640,0,159
