model_type,id,precision,recall,accuracy,f1,fbeta_2_,fbeta_3_,fbeta_4_,cohen_kappa,matthew_coef,tp_1,tp_0,fp_1,fp_0,tn_1,tn_0,fn_1,fn_0
sim_50_80,DUM-1-1,0.8,1.0,0.8,0.8888888888888888,0.9523809523809523,0.975609756097561,0.9855072463768116,0.0,0.0,20,0,5,0,0,20,0,5
sim_50_80,DUM-1-2,0.8333333333333334,1.0,0.8333333333333334,0.9090909090909091,0.9615384615384616,0.9803921568627451,0.9883720930232558,0.0,0.0,20,0,4,0,0,20,0,4
