model_type,id,precision,recall,accuracy,f1,fbeta_2_,fbeta_3_,fbeta_4_,cohen_kappa,matthew_coef,tp_1,tp_0,fp_1,fp_0,tn_1,tn_0,fn_1,fn_0
sim_100_75,DUM-1-1,0.74,1.0,0.74,0.8505747126436781,0.9343434343434344,0.9660574412532638,0.9797507788161994,0.0,0.0,37,0,13,0,0,37,0,13
sim_100_75,DUM-1-2,0.76,1.0,0.76,0.8636363636363636,0.9405940594059405,0.9693877551020408,0.9817629179331308,0.0,0.0,38,0,12,0,0,38,0,12
