model_type,id,precision,recall,accuracy,f1,fbeta_2_,fbeta_3_,fbeta_4_,cohen_kappa,matthew_coef,tp_1,tp_0,fp_1,fp_0,tn_1,tn_0,fn_1,fn_0
sim_400_85,DUM-1-1,0.85,1.0,0.85,0.918918918918919,0.9659090909090909,0.9826589595375722,0.9897260273972602,0.0,0.0,170,0,30,0,0,170,0,30
sim_400_85,DUM-1-2,0.855,1.0,0.855,0.921832884097035,0.9671945701357466,0.983323749281196,0.9901226158038147,0.0,0.0,171,0,29,0,0,171,0,29
