model_type,id,precision,recall,accuracy,f1,fbeta_2_,fbeta_3_,fbeta_4_,cohen_kappa,matthew_coef,tp_1,tp_0,fp_1,fp_0,tn_1,tn_0,fn_1,fn_0
sim_200_80,DUM-1-1,0.8,1.0,0.8,0.8888888888888888,0.9523809523809523,0.975609756097561,0.9855072463768116,0.0,0.0,80,0,20,0,0,80,0,20
sim_200_80,DUM-1-2,0.8080808080808081,1.0,0.8080808080808081,0.8938547486033519,0.954653937947494,0.9768009768009768,0.9862218999274837,0.0,0.0,80,0,19,0,0,80,0,19
