model_type,id,precision,recall,accuracy,f1,fbeta_2_,fbeta_3_,fbeta_4_,cohen_kappa,matthew_coef,tp_1,tp_0,fp_1,fp_0,tn_1,tn_0,fn_1,fn_0
sim_800_90,DUM-1-1,0.9,1.0,0.9,0.9473684210526315,0.9782608695652174,0.989010989010989,0.9935064935064936,0.0,0.0,360,0,40,0,0,360,0,40
sim_800_90,DUM-1-2,0.9022556390977443,1.0,0.9022556390977443,0.9486166007905138,0.9787928221859706,0.989282769991756,0.9936678032148076,0.0,0.0,360,0,39,0,0,360,0,39
