model_type,id,precision,recall,accuracy,f1,fbeta_2_,fbeta_3_,fbeta_4_,cohen_kappa,matthew_coef,tp_1,tp_0,fp_1,fp_0,tn_1,tn_0,fn_1,fn_0
sim_800_65,DUM-1-1,0.65,1.0,0.65,0.7878787878787878,0.9027777777777778,0.948905109489051,0.9692982456140351,0.0,0.0,260,0,140,0,0,260,0,140
sim_800_65,DUM-1-2,0.65,1.0,0.65,0.7878787878787878,0.9027777777777778,0.948905109489051,0.9692982456140351,0.0,0.0,260,0,140,0,0,260,0,140
