model_type,id,precision_macro,precision_micro,precision_weighted,recall_macro,recall_micro,recall_weighted,accuracy,balanced_accuracy,f1_macro,f1_micro,f1_weighted
LogisticRegression,LG-1-1,0.44532818532818536,0.49193548387096775,0.48716631377921693,0.4087027914614122,0.49193548387096775,0.49193548387096775,0.49193548387096775,0.4087027914614122,0.40845311183339356,0.49193548387096775,0.47865019590939634
LogisticRegression,LG-2-1,0.5115103287517081,0.5161290322580645,0.5361810973601853,0.4486863711001642,0.5161290322580645,0.5161290322580645,0.5161290322580645,0.4486863711001642,0.46024575157177355,0.5161290322580645,0.5137935322381982
LogisticRegression,LG-3-1,0.516013986013986,0.5241935483870968,0.541567975035717,0.45535303776683095,0.5241935483870968,0.5241935483870968,0.5241935483870968,0.45535303776683095,0.46621520837475705,0.5241935483870968,0.5209698630587092
LogisticRegression,LG-1-2,0.5397577276524645,0.5725806451612904,0.5663975125987011,0.5378653530377668,0.5725806451612904,0.5725806451612904,0.5725806451612904,0.5378653530377668,0.5377042606516291,0.5725806451612904,0.5681219176974694
LogisticRegression,LG-2-2,0.49442110177404286,0.5241935483870968,0.5290889205144423,0.48666666666666664,0.5241935483870968,0.5241935483870968,0.5241935483870968,0.48666666666666664,0.48830406931697895,0.5241935483870968,0.5241497277535333
LogisticRegression,LG-3-2,0.4938079150579151,0.5241935483870968,0.5355251925312409,0.48666666666666664,0.5241935483870968,0.5241935483870968,0.5241935483870968,0.48666666666666664,0.48763443259078293,0.5241935483870968,0.526748966945277
LogisticRegression,LG-1-3,0.41980909480909484,0.46774193548387094,0.46719919804597226,0.41720306513409955,0.46774193548387094,0.46774193548387094,0.46774193548387094,0.41720306513409955,0.4179792012897858,0.46774193548387094,0.4669174665886019
LogisticRegression,LG-2-3,0.46909855877835005,0.49193548387096775,0.4967271651116222,0.4607662835249042,0.49193548387096775,0.49193548387096775,0.49193548387096775,0.4607662835249042,0.4640790631612985,0.49193548387096775,0.4935563324166012
LogisticRegression,LG-3-3,0.48397727272727276,0.5080645161290323,0.5148796432062561,0.4807662835249042,0.5080645161290323,0.5080645161290323,0.5080645161290323,0.4807662835249042,0.48200656096227446,0.5080645161290323,0.5109702111148344
